add_id,delivery_address1,delivery_address2,delivery_city,delivery_zipcode
2001,100 Pizza Rd,Apt 9,Chicago,11512
2002,101 Pine Ave,,Chicago,88108
2003,102 Pizza Rd,Apt 2,Chicago,22288
2004,103 Main St,,Dallas,88340
2005,104 Main St,,Dallas,33552
2006,105 Elm Rd,,Dallas,26798
2007,106 Elm Rd,Apt 3,New York,13920
2008,107 Pine Ave,Apt 14,Chicago,58240
2009,108 Main St,,Los Angeles,62620
2010,109 Oak St,,Dallas,92830
2011,110 Pine Ave,Apt 14,Dallas,50407
2012,111 Pine Ave,,Chicago,80476
2013,112 Pizza Rd,,Dallas,16756
2014,113 Main St,Apt 4,Dallas,92971
2015,114 Main St,,Dallas,83149
2016,115 Oak St,,Dallas,43594
2017,116 Oak St,,Los Angeles,52804
2018,117 Pizza Rd,,Dallas,30555
2019,118 Elm Rd,,Boston,14350
2020,119 Elm Rd,,Los Angeles,84248
2021,120 Elm Rd,,New York,93703
2022,121 Oak St,,Boston,27676
2023,122 Oak St,Apt 20,Dallas,71834
2024,123 Pizza Rd,,Chicago,17445
2025,124 Main St,,Chicago,79745
2026,125 Oak St,Apt 7,New York,69669
2027,126 Elm Rd,,Dallas,72170
2028,127 Pine Ave,,Chicago,24692
2029,128 Oak St,,New York,82652
2030,129 Pizza Rd,,New York,40526
2031,130 Elm Rd,,Los Angeles,76969
2032,131 Pizza Rd,,Los Angeles,12223
2033,132 Pine Ave,Apt 1,Los Angeles,94435
2034,133 Oak St,Apt 5,New York,70106
2035,134 Pizza Rd,Apt 4,Boston,19622
2036,135 Elm Rd,Apt 10,New York,50935
2037,136 Pine Ave,,Boston,47363
2038,137 Main St,,Los Angeles,61714
2039,138 Pizza Rd,,Los Angeles,22558
2040,139 Oak St,,New York,39015
2041,140 Pine Ave,,New York,74711
2042,141 Oak St,Apt 20,Chicago,99264
2043,142 Pizza Rd,,Boston,25152
2044,143 Pizza Rd,,Boston,72054
2045,144 Pine Ave,Apt 6,Boston,85550
2046,145 Main St,Apt 15,Los Angeles,70161
2047,146 Elm Rd,,Dallas,43502
2048,147 Pine Ave,Apt 20,Chicago,58176
2049,148 Elm Rd,,Chicago,15612
2050,149 Main St,,Los Angeles,38825
2051,150 Pine Ave,,Los Angeles,11205
2052,151 Pizza Rd,Apt 4,Chicago,67842
2053,152 Pine Ave,Apt 19,Boston,78499
2054,153 Oak St,,Boston,43526
2055,154 Pizza Rd,,Boston,81676
2056,155 Pine Ave,,Chicago,94545
2057,156 Pizza Rd,Apt 7,Dallas,71737
2058,157 Pine Ave,,Boston,70942
2059,158 Pizza Rd,,Chicago,96130
2060,159 Pine Ave,,New York,41414
2061,160 Elm Rd,,New York,62165
2062,161 Oak St,,Chicago,63405
2063,162 Elm Rd,,Chicago,66666
2064,163 Oak St,,Boston,52864
2065,164 Pizza Rd,,New York,56535
2066,165 Pizza Rd,Apt 12,Los Angeles,77827
2067,166 Pine Ave,,Boston,60564
2068,167 Oak St,Apt 6,Los Angeles,34482
2069,168 Pizza Rd,,Los Angeles,89521
2070,169 Pizza Rd,,Dallas,46775
2071,170 Main St,,Boston,46772
2072,171 Pine Ave,,New York,97198
2073,172 Elm Rd,,Boston,17853
2074,173 Main St,Apt 10,New York,58011
2075,174 Elm Rd,Apt 12,Chicago,92316
2076,175 Elm Rd,,Boston,12612
2077,176 Pizza Rd,,New York,37613
2078,177 Oak St,Apt 16,Chicago,37776
2079,178 Pizza Rd,Apt 17,New York,13444
2080,179 Main St,,New York,48707
2081,180 Pine Ave,,Chicago,53815
2082,181 Pine Ave,,Boston,23826
2083,182 Main St,,Los Angeles,76424
2084,183 Main St,,Los Angeles,49916
2085,184 Pine Ave,,Chicago,36482
2086,185 Elm Rd,,Los Angeles,82079
2087,186 Pine Ave,,New York,31373
2088,187 Oak St,,Los Angeles,49314
2089,188 Main St,,Dallas,44297
2090,189 Oak St,Apt 3,Dallas,49559
2091,190 Oak St,,Dallas,68674
2092,191 Pine Ave,,Chicago,85523
2093,192 Oak St,Apt 12,Los Angeles,27932
2094,193 Pizza Rd,Apt 12,Los Angeles,46115
2095,194 Pine Ave,Apt 19,New York,46080
2096,195 Oak St,,Dallas,92996
2097,196 Elm Rd,Apt 11,Los Angeles,32239
2098,197 Oak St,Apt 10,New York,55091
2099,198 Pine Ave,,Chicago,89628
2100,199 Oak St,,Dallas,68274
